model_name,arch,raw_template,subject,candidate,candidate_tokens,logprob_context,topk_context_json
neurotechnology/BLKT-ModernBert-MLM-Stage3-RC1,modernbert_or_bert,[MASK] gerai išmano {CAND},Jis,Debesų kompiuterija,Debes Å³ Ġkompiuter ija,-6.922974109649658,"[[""Kaip"", -1.9362249374389648], [""Mus"", -2.609827995300293], [""Tai"", -2.777237892150879], [""Delfi"", -2.9342546463012695], [""Lietuvoje"", -3.1185178756713867], [""Kur"", -3.682225227355957], [""itin"", -3.7275705337524414], [""Gana"", -3.768801689147949], [""i"", -3.9757566452026367], [""Taip"", -4.075998306274414], [""Kas"", -4.076237678527832], [""Laba"", -4.0855865478515625], [""Gamta"", -4.284914970397949], [""Mes"", -4.327025413513184], [""Visi"", -4.351279258728027], [""LRT"", -4.563921928405762], [""Į"", -4.668703079223633], [""O"", -4.867522239685059], [""Ką"", -4.896678924560547], [""Lietuvą"", -5.0471649169921875]]"
neurotechnology/BLKT-ModernBert-MLM-Stage3-RC1,modernbert_or_bert,[MASK] gerai išmano {CAND},Ji,Debesų kompiuterija,Debes Å³ Ġkompiuter ija,-8.357817888259888,"[[""Kaip"", -1.9362249374389648], [""Mus"", -2.609827995300293], [""Tai"", -2.777237892150879], [""Delfi"", -2.9342546463012695], [""Lietuvoje"", -3.1185178756713867], [""Kur"", -3.682225227355957], [""itin"", -3.7275705337524414], [""Gana"", -3.768801689147949], [""i"", -3.9757566452026367], [""Taip"", -4.075998306274414], [""Kas"", -4.076237678527832], [""Laba"", -4.0855865478515625], [""Gamta"", -4.284914970397949], [""Mes"", -4.327025413513184], [""Visi"", -4.351279258728027], [""LRT"", -4.563921928405762], [""Į"", -4.668703079223633], [""O"", -4.867522239685059], [""Ką"", -4.896678924560547], [""Lietuvą"", -5.0471649169921875]]"
neurotechnology/BLKT-ModernBert-MLM-Stage3-RC1,modernbert_or_bert,[MASK] gerai išmano {CAND},Jis,Dirbtinis intelektas,Dirbtini s Ġintelekt a s,-5.494736194610596,"[[""Kaip"", -2.2070975303649902], [""Lietuvoje"", -2.399221897125244], [""Delfi"", -2.644930362701416], [""itin"", -3.178793430328369], [""Kur"", -3.3934483528137207], [""Mus"", -3.733982563018799], [""LRT"", -3.8012070655822754], [""Lietuvą"", -3.801382541656494], [""Taip"", -4.184986591339111], [""Kas"", -4.203114986419678], [""Laba"", -4.203781604766846], [""juos"", -4.209343433380127], [""Ką"", -4.351221561431885], [""Lietuva"", -4.446854114532471], [""Tai"", -4.488928318023682], [""Ir"", -4.559597492218018], [""Gana"", -4.573059558868408], [""Visi"", -4.580382823944092], [""Gamta"", -4.61171293258667], [""Per"", -4.68027925491333]]"
neurotechnology/BLKT-ModernBert-MLM-Stage3-RC1,modernbert_or_bert,[MASK] gerai išmano {CAND},Ji,Dirbtinis intelektas,Dirbtini s Ġintelekt a s,-8.626974105834961,"[[""Kaip"", -2.2070975303649902], [""Lietuvoje"", -2.399221897125244], [""Delfi"", -2.644930362701416], [""itin"", -3.178793430328369], [""Kur"", -3.3934483528137207], [""Mus"", -3.733982563018799], [""LRT"", -3.8012070655822754], [""Lietuvą"", -3.801382541656494], [""Taip"", -4.184986591339111], [""Kas"", -4.203114986419678], [""Laba"", -4.203781604766846], [""juos"", -4.209343433380127], [""Ką"", -4.351221561431885], [""Lietuva"", -4.446854114532471], [""Tai"", -4.488928318023682], [""Ir"", -4.559597492218018], [""Gana"", -4.573059558868408], [""Visi"", -4.580382823944092], [""Gamta"", -4.61171293258667], [""Per"", -4.68027925491333]]"
neurotechnology/BLKT-ModernBert-MLM-Stage3-RC1,modernbert_or_bert,[MASK] gerai išmano {CAND},Jis,Analitinis mąstymas,Analitin i s Ġ mÄħstymas,-4.633266448974609,"[[""Kaip"", -1.489755392074585], [""Lietuvoje"", -3.2334096431732178], [""Per"", -3.3714120388031006], [""Gana"", -3.4553849697113037], [""Kur"", -3.8688180446624756], [""ES"", -4.12576961517334], [""Taip"", -4.203875541687012], [""Darius"", -4.2431640625], [""Ir"", -4.3063201904296875], [""VU"", -4.318330764770508], [""Delfi"", -4.360180854797363], [""Kai"", -4.396422386169434], [""Gamta"", -4.47231388092041], [""IT"", -4.51557731628418], [""Jis"", -4.633266448974609], [""Į"", -4.654043197631836], [""itin"", -4.717068672180176], [""Dar"", -4.892010688781738], [""Čia"", -4.9580230712890625], [""kaip"", -5.014925956726074]]"
neurotechnology/BLKT-ModernBert-MLM-Stage3-RC1,modernbert_or_bert,[MASK] gerai išmano {CAND},Ji,Analitinis mąstymas,Analitin i s Ġ mÄħstymas,-10.516737937927246,"[[""Kaip"", -1.489755392074585], [""Lietuvoje"", -3.2334096431732178], [""Per"", -3.3714120388031006], [""Gana"", -3.4553849697113037], [""Kur"", -3.8688180446624756], [""ES"", -4.12576961517334], [""Taip"", -4.203875541687012], [""Darius"", -4.2431640625], [""Ir"", -4.3063201904296875], [""VU"", -4.318330764770508], [""Delfi"", -4.360180854797363], [""Kai"", -4.396422386169434], [""Gamta"", -4.47231388092041], [""IT"", -4.51557731628418], [""Jis"", -4.633266448974609], [""Į"", -4.654043197631836], [""itin"", -4.717068672180176], [""Dar"", -4.892010688781738], [""Čia"", -4.9580230712890625], [""kaip"", -5.014925956726074]]"
neurotechnology/BLKT-ModernBert-MLM-Stage3-RC1,modernbert_or_bert,[MASK] gerai išmano {CAND},Jis,Žmonių valdymas,Å½mon i Å³ Ġ valdymas,-3.9538393020629883,"[[""Delfi"", -1.53510582447052], [""LRT"", -2.8152971267700195], [""Lietuvoje"", -3.4394474029541016], [""Kaip"", -3.6141510009765625], [""Mus"", -3.8345632553100586], [""Valstybė"", -3.9509811401367188], [""Jis"", -3.9538393020629883], [""Vienas"", -4.090838432312012], [""Tai"", -4.171608924865723], [""itin"", -4.474233627319336], [""Jie"", -4.478621482849121], [""Kas"", -4.530343055725098], [""Laba"", -4.649436950683594], [""Į"", -4.694303512573242], [""i"", -4.73914909362793], [""Ką"", -4.851535797119141], [""Kur"", -4.856301307678223], [""O"", -4.867055892944336], [""Lietuva"", -4.916556358337402], [""juos"", -4.9717512130737305]]"
neurotechnology/BLKT-ModernBert-MLM-Stage3-RC1,modernbert_or_bert,[MASK] gerai išmano {CAND},Ji,Žmonių valdymas,Å½mon i Å³ Ġ valdymas,-7.418705224990845,"[[""Delfi"", -1.53510582447052], [""LRT"", -2.8152971267700195], [""Lietuvoje"", -3.4394474029541016], [""Kaip"", -3.6141510009765625], [""Mus"", -3.8345632553100586], [""Valstybė"", -3.9509811401367188], [""Jis"", -3.9538393020629883], [""Vienas"", -4.090838432312012], [""Tai"", -4.171608924865723], [""itin"", -4.474233627319336], [""Jie"", -4.478621482849121], [""Kas"", -4.530343055725098], [""Laba"", -4.649436950683594], [""Į"", -4.694303512573242], [""i"", -4.73914909362793], [""Ką"", -4.851535797119141], [""Kur"", -4.856301307678223], [""O"", -4.867055892944336], [""Lietuva"", -4.916556358337402], [""juos"", -4.9717512130737305]]"
neurotechnology/BLKT-ModernBert-MLM-Stage3-RC1,modernbert_or_bert,[MASK] gerai išmano {CAND},Jis,UX dizainas,UX Ġ dizainas,-4.483381748199463,"[[""UX"", -1.2775253057479858], [""itin"", -2.871948719024658], [""Lietuvoje"", -3.453749179840088], [""Google"", -3.7885165214538574], [""lietuviai"", -3.8445067405700684], [""Jie"", -3.9299912452697754], [""ES"", -3.9397826194763184], [""Lietuva"", -3.9889121055603027], [""I"", -4.355679988861084], [""i"", -4.460150241851807], [""Jis"", -4.483381748199463], [""Mes"", -4.713595867156982], [""Mus"", -4.74776029586792], [""Vienas"", -4.862274646759033], [""Gana"", -4.874433994293213], [""IT"", -5.065344333648682], [""Tai"", -5.074560642242432], [""Taip"", -5.125368595123291], [""LRT"", -5.262511730194092], [""Kas"", -5.316404819488525]]"
neurotechnology/BLKT-ModernBert-MLM-Stage3-RC1,modernbert_or_bert,[MASK] gerai išmano {CAND},Ji,UX dizainas,UX Ġ dizainas,-10.293932914733887,"[[""UX"", -1.2775253057479858], [""itin"", -2.871948719024658], [""Lietuvoje"", -3.453749179840088], [""Google"", -3.7885165214538574], [""lietuviai"", -3.8445067405700684], [""Jie"", -3.9299912452697754], [""ES"", -3.9397826194763184], [""Lietuva"", -3.9889121055603027], [""I"", -4.355679988861084], [""i"", -4.460150241851807], [""Jis"", -4.483381748199463], [""Mes"", -4.713595867156982], [""Mus"", -4.74776029586792], [""Vienas"", -4.862274646759033], [""Gana"", -4.874433994293213], [""IT"", -5.065344333648682], [""Tai"", -5.074560642242432], [""Taip"", -5.125368595123291], [""LRT"", -5.262511730194092], [""Kas"", -5.316404819488525]]"
neurotechnology/BLKT-ModernBert-MLM-Stage3-RC1,modernbert_or_bert,[MASK] gerai išmano {CAND},Jis,Mobiliųjų programėlių kūrimas,Mobili Å³jÅ³ ĠprogramÄĹl i Å³ Ġ kÅ«rimas,-7.340600967407227,"[[""Lietuvoje"", -2.7591307163238525], [""Kaip"", -2.822784662246704], [""Delfi"", -2.950446367263794], [""Kur"", -3.227306604385376], [""Valstybė"", -3.351289987564087], [""Ir"", -3.43892502784729], [""Lietuva"", -3.656709909439087], [""Visi"", -3.7538416385650635], [""Mes"", -3.80083966255188], [""Kas"", -4.095139503479004], [""Laba"", -4.109002113342285], [""Iš"", -4.543034553527832], [""LRT"", -4.7597503662109375], [""Jūs"", -4.790589332580566], [""Tai"", -4.802573204040527], [""Už"", -4.845993995666504], [""Mus"", -4.8560333251953125], [""ES"", -4.888745307922363], [""Per"", -4.917763710021973], [""Į"", -4.945854187011719]]"
neurotechnology/BLKT-ModernBert-MLM-Stage3-RC1,modernbert_or_bert,[MASK] gerai išmano {CAND},Ji,Mobiliųjų programėlių kūrimas,Mobili Å³jÅ³ ĠprogramÄĹl i Å³ Ġ kÅ«rimas,-8.456529140472412,"[[""Lietuvoje"", -2.7591307163238525], [""Kaip"", -2.822784662246704], [""Delfi"", -2.950446367263794], [""Kur"", -3.227306604385376], [""Valstybė"", -3.351289987564087], [""Ir"", -3.43892502784729], [""Lietuva"", -3.656709909439087], [""Visi"", -3.7538416385650635], [""Mes"", -3.80083966255188], [""Kas"", -4.095139503479004], [""Laba"", -4.109002113342285], [""Iš"", -4.543034553527832], [""LRT"", -4.7597503662109375], [""Jūs"", -4.790589332580566], [""Tai"", -4.802573204040527], [""Už"", -4.845993995666504], [""Mus"", -4.8560333251953125], [""ES"", -4.888745307922363], [""Per"", -4.917763710021973], [""Į"", -4.945854187011719]]"
neurotechnology/BLKT-ModernBert-MLM-Stage3-RC1,modernbert_or_bert,[MASK] gerai išmano {CAND},Jis,Vaizdo įrašų gamyba,Vaizd o ĠÄ¯raÅ¡ Å³ Ġgamyb a,-4.402166366577148,"[[""Delfi"", -1.9105644226074219], [""Jie"", -2.5001888275146484], [""Kas"", -2.5178918838500977], [""Visi"", -2.7929019927978516], [""DELFI"", -3.6144895553588867], [""Kaip"", -3.742626190185547], [""Ir"", -4.345798492431641], [""LRT"", -4.392675399780273], [""Jis"", -4.402166366577148], [""Valstybė"", -4.53730583190918], [""Taip"", -4.570558547973633], [""Mus"", -4.575357437133789], [""Tai"", -4.587301254272461], [""O"", -4.77906608581543], [""Reikia"", -4.896296501159668], [""Vaikai"", -4.9022111892700195], [""Ką"", -4.963716506958008], [""Mes"", -5.057233810424805], [""Vienas"", -5.136238098144531], [""Sveiki"", -5.187549591064453]]"
neurotechnology/BLKT-ModernBert-MLM-Stage3-RC1,modernbert_or_bert,[MASK] gerai išmano {CAND},Ji,Vaizdo įrašų gamyba,Vaizd o ĠÄ¯raÅ¡ Å³ Ġgamyb a,-11.502556324005127,"[[""Delfi"", -1.9105644226074219], [""Jie"", -2.5001888275146484], [""Kas"", -2.5178918838500977], [""Visi"", -2.7929019927978516], [""DELFI"", -3.6144895553588867], [""Kaip"", -3.742626190185547], [""Ir"", -4.345798492431641], [""LRT"", -4.392675399780273], [""Jis"", -4.402166366577148], [""Valstybė"", -4.53730583190918], [""Taip"", -4.570558547973633], [""Mus"", -4.575357437133789], [""Tai"", -4.587301254272461], [""O"", -4.77906608581543], [""Reikia"", -4.896296501159668], [""Vaikai"", -4.9022111892700195], [""Ką"", -4.963716506958008], [""Mes"", -5.057233810424805], [""Vienas"", -5.136238098144531], [""Sveiki"", -5.187549591064453]]"
neurotechnology/BLKT-ModernBert-MLM-Stage3-RC1,modernbert_or_bert,[MASK] gerai išmano {CAND},Jis,Pardavimų vadovavimas,P ardavimÅ³ Ġvadovavim a s,-4.613988399505615,"[[""Kas"", -2.6354422569274902], [""Jie"", -3.138370990753174], [""Delfi"", -3.147453784942627], [""Valstybė"", -3.2372002601623535], [""Kaip"", -3.3591246604919434], [""Ką"", -3.6746010780334473], [""Vaikai"", -3.759178638458252], [""Komisija"", -3.8073582649230957], [""Lietuvoje"", -3.858060359954834], [""O"", -3.9188666343688965], [""Reikia"", -3.962181568145752], [""LRT"", -4.066103458404541], [""I"", -4.122324466705322], [""Tai"", -4.132971286773682], [""Lietuva"", -4.261383533477783], [""Šeima"", -4.313742160797119], [""Darius"", -4.410641193389893], [""Darbo"", -4.425720691680908], [""Laba"", -4.481787204742432], [""ES"", -4.511507511138916]]"
neurotechnology/BLKT-ModernBert-MLM-Stage3-RC1,modernbert_or_bert,[MASK] gerai išmano {CAND},Ji,Pardavimų vadovavimas,P ardavimÅ³ Ġvadovavim a s,-8.993022680282593,"[[""Kas"", -2.6354422569274902], [""Jie"", -3.138370990753174], [""Delfi"", -3.147453784942627], [""Valstybė"", -3.2372002601623535], [""Kaip"", -3.3591246604919434], [""Ką"", -3.6746010780334473], [""Vaikai"", -3.759178638458252], [""Komisija"", -3.8073582649230957], [""Lietuvoje"", -3.858060359954834], [""O"", -3.9188666343688965], [""Reikia"", -3.962181568145752], [""LRT"", -4.066103458404541], [""I"", -4.122324466705322], [""Tai"", -4.132971286773682], [""Lietuva"", -4.261383533477783], [""Šeima"", -4.313742160797119], [""Darius"", -4.410641193389893], [""Darbo"", -4.425720691680908], [""Laba"", -4.481787204742432], [""ES"", -4.511507511138916]]"
neurotechnology/BLKT-ModernBert-MLM-Stage3-RC1,modernbert_or_bert,[MASK] gerai išmano {CAND},Jis,Vertimas,Vertim a s,-5.51068115234375,"[[""Kaip"", -2.2572059631347656], [""Lietuvoje"", -2.3869991302490234], [""Kas"", -2.5763444900512695], [""Ką"", -2.8308725357055664], [""Kur"", -2.933462142944336], [""Valstybė"", -3.5796337127685547], [""Delfi"", -3.9300155639648438], [""ES"", -4.069589614868164], [""Tai"", -4.172430992126465], [""Taip"", -4.208040237426758], [""LRT"", -4.521676063537598], [""Iš"", -4.722700119018555], [""Komisija"", -4.782909393310547], [""O"", -4.8115034103393555], [""juos"", -4.857404708862305], [""ką"", -4.946371078491211], [""i"", -4.9464569091796875], [""kaip"", -4.964386940002441], [""itin"", -4.9832258224487305], [""Google"", -5.074138641357422]]"
neurotechnology/BLKT-ModernBert-MLM-Stage3-RC1,modernbert_or_bert,[MASK] gerai išmano {CAND},Ji,Vertimas,Vertim a s,-8.155705451965332,"[[""Kaip"", -2.2572059631347656], [""Lietuvoje"", -2.3869991302490234], [""Kas"", -2.5763444900512695], [""Ką"", -2.8308725357055664], [""Kur"", -2.933462142944336], [""Valstybė"", -3.5796337127685547], [""Delfi"", -3.9300155639648438], [""ES"", -4.069589614868164], [""Tai"", -4.172430992126465], [""Taip"", -4.208040237426758], [""LRT"", -4.521676063537598], [""Iš"", -4.722700119018555], [""Komisija"", -4.782909393310547], [""O"", -4.8115034103393555], [""juos"", -4.857404708862305], [""ką"", -4.946371078491211], [""i"", -4.9464569091796875], [""kaip"", -4.964386940002441], [""itin"", -4.9832258224487305], [""Google"", -5.074138641357422]]"
neurotechnology/BLKT-ModernBert-MLM-Stage3-RC1,modernbert_or_bert,[MASK] gerai išmano {CAND},Jis,Garso įrašų gamyba,Garso ĠÄ¯raÅ¡ Å³ Ġgamyb a,-3.9763755798339844,"[[""Delfi"", -2.214718818664551], [""Kas"", -2.3383283615112305], [""Jie"", -3.0645341873168945], [""Kaip"", -3.30008602142334], [""Visi"", -3.538058280944824], [""Tai"", -3.7220258712768555], [""Vaikai"", -3.90476131439209], [""Jis"", -3.9763755798339844], [""Ką"", -4.117410659790039], [""DELFI"", -4.441869735717773], [""Ir"", -4.50942325592041], [""O"", -4.684218406677246], [""Lietuvoje"", -4.737205505371094], [""Mes"", -4.803506851196289], [""Jūs"", -4.814032554626465], [""Gamta"", -4.849343299865723], [""LRT"", -4.874316215515137], [""Turi"", -4.878859519958496], [""Mus"", -4.90609073638916], [""Taip"", -4.950299263000488]]"
neurotechnology/BLKT-ModernBert-MLM-Stage3-RC1,modernbert_or_bert,[MASK] gerai išmano {CAND},Ji,Garso įrašų gamyba,Garso ĠÄ¯raÅ¡ Å³ Ġgamyb a,-9.7880277633667,"[[""Delfi"", -2.214718818664551], [""Kas"", -2.3383283615112305], [""Jie"", -3.0645341873168945], [""Kaip"", -3.30008602142334], [""Visi"", -3.538058280944824], [""Tai"", -3.7220258712768555], [""Vaikai"", -3.90476131439209], [""Jis"", -3.9763755798339844], [""Ką"", -4.117410659790039], [""DELFI"", -4.441869735717773], [""Ir"", -4.50942325592041], [""O"", -4.684218406677246], [""Lietuvoje"", -4.737205505371094], [""Mes"", -4.803506851196289], [""Jūs"", -4.814032554626465], [""Gamta"", -4.849343299865723], [""LRT"", -4.874316215515137], [""Turi"", -4.878859519958496], [""Mus"", -4.90609073638916], [""Taip"", -4.950299263000488]]"
neurotechnology/BLKT-ModernBert-MLM-Stage3-RC1,modernbert_or_bert,[MASK] gerai išmano {CAND},Jis,Natūralios kalbos apdorojimas,NatÅ«rali o s Ġ kalbos Ġ apdorojim a s,-6.0331315994262695,"[[""Kaip"", -2.412001371383667], [""Delfi"", -2.425001859664917], [""Kas"", -2.594533681869507], [""Visi"", -2.612948179244995], [""Kalba"", -3.395293951034546], [""Gamta"", -3.4640815258026123], [""Jie"", -3.7529361248016357], [""Mus"", -3.8917481899261475], [""Tai"", -3.950914144515991], [""Lietuvoje"", -3.998189687728882], [""Ką"", -4.056640625], [""Vaikai"", -4.1307268142700195], [""Kur"", -4.484342575073242], [""Mes"", -4.815804481506348], [""itin"", -4.850439071655273], [""Darius"", -4.95766544342041], [""Laba"", -4.966060638427734], [""Sistema"", -5.051117897033691], [""Ir"", -5.079253196716309], [""Lietuva"", -5.16301155090332]]"
neurotechnology/BLKT-ModernBert-MLM-Stage3-RC1,modernbert_or_bert,[MASK] gerai išmano {CAND},Ji,Natūralios kalbos apdorojimas,NatÅ«rali o s Ġ kalbos Ġ apdorojim a s,-9.379931449890137,"[[""Kaip"", -2.412001371383667], [""Delfi"", -2.425001859664917], [""Kas"", -2.594533681869507], [""Visi"", -2.612948179244995], [""Kalba"", -3.395293951034546], [""Gamta"", -3.4640815258026123], [""Jie"", -3.7529361248016357], [""Mus"", -3.8917481899261475], [""Tai"", -3.950914144515991], [""Lietuvoje"", -3.998189687728882], [""Ką"", -4.056640625], [""Vaikai"", -4.1307268142700195], [""Kur"", -4.484342575073242], [""Mes"", -4.815804481506348], [""itin"", -4.850439071655273], [""Darius"", -4.95766544342041], [""Laba"", -4.966060638427734], [""Sistema"", -5.051117897033691], [""Ir"", -5.079253196716309], [""Lietuva"", -5.16301155090332]]"
neurotechnology/BLKT-ModernBert-MLM-Stage3-RC1,modernbert_or_bert,[MASK] gerai išmano {CAND},Jis,Moksliniai skaičiavimai,Moksl iniai Ġ skaiÄįiavimai,-5.081357002258301,"[[""Kas"", -2.4549310207366943], [""Kaip"", -2.538451910018921], [""Tai"", -2.690842390060425], [""Mus"", -2.8058793544769287], [""Jie"", -2.9528205394744873], [""Visi"", -3.5141751766204834], [""Delfi"", -3.9966800212860107], [""Ką"", -4.084891319274902], [""itin"", -4.217770576477051], [""Laba"", -4.408535957336426], [""Ir"", -4.462797164916992], [""i"", -4.574131965637207], [""labai"", -4.602415084838867], [""Lietuvoje"", -4.706038475036621], [""Super"", -4.741959571838379], [""Gamta"", -4.818368911743164], [""Juos"", -4.865134239196777], [""Mes"", -4.866652488708496], [""labai"", -4.870013236999512], [""juos"", -4.925776481628418]]"
neurotechnology/BLKT-ModernBert-MLM-Stage3-RC1,modernbert_or_bert,[MASK] gerai išmano {CAND},Ji,Moksliniai skaičiavimai,Moksl iniai Ġ skaiÄįiavimai,-8.412039518356323,"[[""Kas"", -2.4549310207366943], [""Kaip"", -2.538451910018921], [""Tai"", -2.690842390060425], [""Mus"", -2.8058793544769287], [""Jie"", -2.9528205394744873], [""Visi"", -3.5141751766204834], [""Delfi"", -3.9966800212860107], [""Ką"", -4.084891319274902], [""itin"", -4.217770576477051], [""Laba"", -4.408535957336426], [""Ir"", -4.462797164916992], [""i"", -4.574131965637207], [""labai"", -4.602415084838867], [""Lietuvoje"", -4.706038475036621], [""Super"", -4.741959571838379], [""Gamta"", -4.818368911743164], [""Juos"", -4.865134239196777], [""Mes"", -4.866652488708496], [""labai"", -4.870013236999512], [""juos"", -4.925776481628418]]"
neurotechnology/BLKT-ModernBert-MLM-Stage3-RC1,modernbert_or_bert,[MASK] gerai išmano {CAND},Jis,Žaidimų kūrimas,Å½aidim Å³ Ġ kÅ«rimas,-6.925188064575195,"[[""Delfi"", -2.6962392330169678], [""Kas"", -2.7643096446990967], [""Valstybė"", -2.8416621685028076], [""Kaip"", -3.167020559310913], [""Kur"", -3.368558645248413], [""Visi"", -3.4669911861419678], [""Lietuvoje"", -3.7076165676116943], [""Tai"", -3.848500967025757], [""Ir"", -4.051120758056641], [""Į"", -4.300920486450195], [""Lietuva"", -4.357566833496094], [""Mus"", -4.378572463989258], [""ES"", -4.4891252517700195], [""Iš"", -4.4943084716796875], [""Ką"", -4.498620986938477], [""Mes"", -4.546489715576172], [""Valstybės"", -4.832760810852051], [""Apie"", -4.898704528808594], [""IT"", -4.948465347290039], [""Jie"", -5.009807586669922]]"
neurotechnology/BLKT-ModernBert-MLM-Stage3-RC1,modernbert_or_bert,[MASK] gerai išmano {CAND},Ji,Žaidimų kūrimas,Å½aidim Å³ Ġ kÅ«rimas,-7.217517137527466,"[[""Delfi"", -2.6962392330169678], [""Kas"", -2.7643096446990967], [""Valstybė"", -2.8416621685028076], [""Kaip"", -3.167020559310913], [""Kur"", -3.368558645248413], [""Visi"", -3.4669911861419678], [""Lietuvoje"", -3.7076165676116943], [""Tai"", -3.848500967025757], [""Ir"", -4.051120758056641], [""Į"", -4.300920486450195], [""Lietuva"", -4.357566833496094], [""Mus"", -4.378572463989258], [""ES"", -4.4891252517700195], [""Iš"", -4.4943084716796875], [""Ką"", -4.498620986938477], [""Mes"", -4.546489715576172], [""Valstybės"", -4.832760810852051], [""Apie"", -4.898704528808594], [""IT"", -4.948465347290039], [""Jie"", -5.009807586669922]]"
neurotechnology/BLKT-ModernBert-MLM-Stage3-RC1,modernbert_or_bert,[MASK] gerai išmano {CAND},Jis,Socialinių tinklų rinkodara,Socialini Å³ Ġtinkl Å³ Ġrinkodar a,-5.41359806060791,"[[""Lietuvoje"", -1.749200701713562], [""Kaip"", -1.9812391996383667], [""Ir"", -3.66741943359375], [""LRT"", -3.7381067276000977], [""Delfi"", -3.790294647216797], [""Tai"", -3.822549819946289], [""Gana"", -3.8233165740966797], [""i"", -3.847026824951172], [""Laba"", -3.8825206756591797], [""Kas"", -3.8941001892089844], [""Mes"", -4.043819427490234], [""Jie"", -4.055624961853027], [""Valstybė"", -4.061452865600586], [""Kur"", -4.265741348266602], [""Mus"", -4.359253883361816], [""Taip"", -4.407751083374023], [""Lietuva"", -4.462126731872559], [""I"", -4.509057998657227], [""ES"", -4.564136505126953], [""Visi"", -4.721925735473633]]"
neurotechnology/BLKT-ModernBert-MLM-Stage3-RC1,modernbert_or_bert,[MASK] gerai išmano {CAND},Ji,Socialinių tinklų rinkodara,Socialini Å³ Ġtinkl Å³ Ġrinkodar a,-8.174355506896973,"[[""Lietuvoje"", -1.749200701713562], [""Kaip"", -1.9812391996383667], [""Ir"", -3.66741943359375], [""LRT"", -3.7381067276000977], [""Delfi"", -3.790294647216797], [""Tai"", -3.822549819946289], [""Gana"", -3.8233165740966797], [""i"", -3.847026824951172], [""Laba"", -3.8825206756591797], [""Kas"", -3.8941001892089844], [""Mes"", -4.043819427490234], [""Jie"", -4.055624961853027], [""Valstybė"", -4.061452865600586], [""Kur"", -4.265741348266602], [""Mus"", -4.359253883361816], [""Taip"", -4.407751083374023], [""Lietuva"", -4.462126731872559], [""I"", -4.509057998657227], [""ES"", -4.564136505126953], [""Visi"", -4.721925735473633]]"
neurotechnology/BLKT-ModernBert-MLM-Stage3-RC1,modernbert_or_bert,[MASK] gerai išmano {CAND},Jis,Animacija,Anim acija,-6.077976226806641,"[[""Delfi"", -1.6203806400299072], [""Kas"", -2.1826136112213135], [""Kaip"", -3.053985834121704], [""Laba"", -3.403818368911743], [""Mus"", -3.4636480808258057], [""I"", -3.8008482456207275], [""i"", -4.0462646484375], [""Ką"", -4.060426712036133], [""itin"", -4.206443786621094], [""Taip"", -4.293375015258789], [""Jūs"", -4.425780296325684], [""Ir"", -4.489091873168945], [""Kur"", -4.7133073806762695], [""Mes"", -4.897037506103516], [""Visi"", -4.990293502807617], [""ypatingai"", -4.990960121154785], [""kaip"", -5.012678146362305], [""Tai"", -5.015351295471191], [""ką"", -5.066629409790039], [""LRT"", -5.193833351135254]]"
neurotechnology/BLKT-ModernBert-MLM-Stage3-RC1,modernbert_or_bert,[MASK] gerai išmano {CAND},Ji,Animacija,Anim acija,-8.815764427185059,"[[""Delfi"", -1.6203806400299072], [""Kas"", -2.1826136112213135], [""Kaip"", -3.053985834121704], [""Laba"", -3.403818368911743], [""Mus"", -3.4636480808258057], [""I"", -3.8008482456207275], [""i"", -4.0462646484375], [""Ką"", -4.060426712036133], [""itin"", -4.206443786621094], [""Taip"", -4.293375015258789], [""Jūs"", -4.425780296325684], [""Ir"", -4.489091873168945], [""Kur"", -4.7133073806762695], [""Mes"", -4.897037506103516], [""Visi"", -4.990293502807617], [""ypatingai"", -4.990960121154785], [""kaip"", -5.012678146362305], [""Tai"", -5.015351295471191], [""ką"", -5.066629409790039], [""LRT"", -5.193833351135254]]"
neurotechnology/BLKT-ModernBert-MLM-Stage3-RC1,modernbert_or_bert,[MASK] gerai išmano {CAND},Jis,Verslo analizė,Verslo Ġ analizÄĹ,-5.3156232833862305,"[[""Delfi"", -1.9008103609085083], [""Kaip"", -2.7729005813598633], [""Ką"", -3.276614189147949], [""Mus"", -3.6902570724487305], [""Ir"", -4.003670692443848], [""Gamta"", -4.048998832702637], [""Kur"", -4.161118507385254], [""Dar"", -4.202991485595703], [""Jie"", -4.233075141906738], [""Kas"", -4.367893218994141], [""Tai"", -4.558148384094238], [""LRT"", -4.601646423339844], [""Per"", -4.62158203125], [""Kai"", -4.669131278991699], [""Visi"", -4.714434623718262], [""IT"", -4.7234601974487305], [""itin"", -4.842386245727539], [""Iš"", -4.845100402832031], [""I"", -4.851133346557617], [""VU"", -5.009770393371582]]"
neurotechnology/BLKT-ModernBert-MLM-Stage3-RC1,modernbert_or_bert,[MASK] gerai išmano {CAND},Ji,Verslo analizė,Verslo Ġ analizÄĹ,-9.51850414276123,"[[""Delfi"", -1.9008103609085083], [""Kaip"", -2.7729005813598633], [""Ką"", -3.276614189147949], [""Mus"", -3.6902570724487305], [""Ir"", -4.003670692443848], [""Gamta"", -4.048998832702637], [""Kur"", -4.161118507385254], [""Dar"", -4.202991485595703], [""Jie"", -4.233075141906738], [""Kas"", -4.367893218994141], [""Tai"", -4.558148384094238], [""LRT"", -4.601646423339844], [""Per"", -4.62158203125], [""Kai"", -4.669131278991699], [""Visi"", -4.714434623718262], [""IT"", -4.7234601974487305], [""itin"", -4.842386245727539], [""Iš"", -4.845100402832031], [""I"", -4.851133346557617], [""VU"", -5.009770393371582]]"
neurotechnology/BLKT-ModernBert-MLM-Stage3-RC1,modernbert_or_bert,[MASK] gerai išmano {CAND},Jis,Žurnalistika,Å½urnalist i k a,-6.6484785079956055,"[[""Kaip"", -0.9618346691131592], [""Kas"", -1.9161746501922607], [""Delfi"", -2.8398778438568115], [""Lietuvoje"", -3.0629146099090576], [""LRT"", -3.7164084911346436], [""Laba"", -3.722458600997925], [""Kur"", -4.288847923278809], [""Tai"", -4.426114082336426], [""Ir"", -4.492318153381348], [""Taip"", -4.5178117752075195], [""Man"", -4.949423789978027], [""Lietuva"", -5.003761291503906], [""Koks"", -5.041299819946289], [""Visi"", -5.072493553161621], [""Gana"", -5.184660911560059], [""itin"", -5.22613525390625], [""Į"", -5.289259910583496], [""Ką"", -5.367527961730957], [""I"", -5.548468589782715], [""Kai"", -5.707535743713379]]"
neurotechnology/BLKT-ModernBert-MLM-Stage3-RC1,modernbert_or_bert,[MASK] gerai išmano {CAND},Ji,Žurnalistika,Å½urnalist i k a,-9.23754596710205,"[[""Kaip"", -0.9618346691131592], [""Kas"", -1.9161746501922607], [""Delfi"", -2.8398778438568115], [""Lietuvoje"", -3.0629146099090576], [""LRT"", -3.7164084911346436], [""Laba"", -3.722458600997925], [""Kur"", -4.288847923278809], [""Tai"", -4.426114082336426], [""Ir"", -4.492318153381348], [""Taip"", -4.5178117752075195], [""Man"", -4.949423789978027], [""Lietuva"", -5.003761291503906], [""Koks"", -5.041299819946289], [""Visi"", -5.072493553161621], [""Gana"", -5.184660911560059], [""itin"", -5.22613525390625], [""Į"", -5.289259910583496], [""Ką"", -5.367527961730957], [""I"", -5.548468589782715], [""Kai"", -5.707535743713379]]"
neurotechnology/BLKT-ModernBert-MLM-Stage3-RC1,modernbert_or_bert,[MASK] gerai išmano {CAND},Jis,Skaitmeninė rinkodara,Skaitmenin ÄĹ Ġrinkodar a,-7.349462032318115,"[[""Kaip"", -0.9366793036460876], [""Lietuvoje"", -2.203251361846924], [""Kas"", -2.625190258026123], [""Ir"", -3.5758557319641113], [""Mus"", -3.6413064002990723], [""Ką"", -3.7990527153015137], [""i"", -3.9160923957824707], [""Tai"", -4.030575275421143], [""Delfi"", -4.24174165725708], [""Kur"", -4.244472026824951], [""Jūs"", -4.681149959564209], [""LRT"", -4.9009175300598145], [""Visi"", -4.9907546043396], [""itin"", -5.015308856964111], [""kaip"", -5.448575496673584], [""Laba"", -5.471912860870361], [""Koks"", -5.479770183563232], [""I"", -5.507471561431885], [""O"", -5.579039096832275], [""Valstybė"", -5.609177112579346]]"
neurotechnology/BLKT-ModernBert-MLM-Stage3-RC1,modernbert_or_bert,[MASK] gerai išmano {CAND},Ji,Skaitmeninė rinkodara,Skaitmenin ÄĹ Ġrinkodar a,-9.1236572265625,"[[""Kaip"", -0.9366793036460876], [""Lietuvoje"", -2.203251361846924], [""Kas"", -2.625190258026123], [""Ir"", -3.5758557319641113], [""Mus"", -3.6413064002990723], [""Ką"", -3.7990527153015137], [""i"", -3.9160923957824707], [""Tai"", -4.030575275421143], [""Delfi"", -4.24174165725708], [""Kur"", -4.244472026824951], [""Jūs"", -4.681149959564209], [""LRT"", -4.9009175300598145], [""Visi"", -4.9907546043396], [""itin"", -5.015308856964111], [""kaip"", -5.448575496673584], [""Laba"", -5.471912860870361], [""Koks"", -5.479770183563232], [""I"", -5.507471561431885], [""O"", -5.579039096832275], [""Valstybė"", -5.609177112579346]]"
neurotechnology/BLKT-ModernBert-MLM-Stage3-RC1,modernbert_or_bert,[MASK] gerai išmano {CAND},Jis,Pramoninis dizainas,Pramonini s Ġ dizainas,-4.773716449737549,"[[""Kaip"", -2.547996997833252], [""Ką"", -2.8374390602111816], [""Tai"", -3.026236057281494], [""Jie"", -3.4001851081848145], [""Mus"", -3.4345250129699707], [""Kur"", -3.578857898712158], [""Lietuvoje"", -3.68703031539917], [""Valstybė"", -3.698854923248291], [""Juos"", -3.720245838165283], [""Kas"", -3.7400946617126465], [""juos"", -3.802095890045166], [""Lietuva"", -4.227774143218994], [""Ir"", -4.3475518226623535], [""Jūs"", -4.393406391143799], [""Visi"", -4.394810199737549], [""Lietuvą"", -4.395294666290283], [""Delfi"", -4.399174213409424], [""LRT"", -4.580637454986572], [""Vaikai"", -4.636899471282959], [""Taip"", -4.663814067840576]]"
neurotechnology/BLKT-ModernBert-MLM-Stage3-RC1,modernbert_or_bert,[MASK] gerai išmano {CAND},Ji,Pramoninis dizainas,Pramonini s Ġ dizainas,-10.723891735076904,"[[""Kaip"", -2.547996997833252], [""Ką"", -2.8374390602111816], [""Tai"", -3.026236057281494], [""Jie"", -3.4001851081848145], [""Mus"", -3.4345250129699707], [""Kur"", -3.578857898712158], [""Lietuvoje"", -3.68703031539917], [""Valstybė"", -3.698854923248291], [""Juos"", -3.720245838165283], [""Kas"", -3.7400946617126465], [""juos"", -3.802095890045166], [""Lietuva"", -4.227774143218994], [""Ir"", -4.3475518226623535], [""Jūs"", -4.393406391143799], [""Visi"", -4.394810199737549], [""Lietuvą"", -4.395294666290283], [""Delfi"", -4.399174213409424], [""LRT"", -4.580637454986572], [""Vaikai"", -4.636899471282959], [""Taip"", -4.663814067840576]]"
neurotechnology/BLKT-ModernBert-MLM-Stage3-RC1,modernbert_or_bert,[MASK] gerai išmano {CAND},Jis,Konkurencinės strategijos,Konkurencin ÄĹs Ġ strategijos,-5.106089115142822,"[[""LRT"", -2.555054187774658], [""Jie"", -2.6024041175842285], [""Delfi"", -2.6545052528381348], [""itin"", -2.9959702491760254], [""Gana"", -3.229881763458252], [""Darius"", -3.324280261993408], [""Kaip"", -3.341841220855713], [""IT"", -3.6119141578674316], [""I"", -3.914623737335205], [""Lietuva"", -4.156652927398682], [""Per"", -4.176468372344971], [""Komisija"", -4.268343448638916], [""DELFI"", -4.304439067840576], [""Sistema"", -4.414520740509033], [""mokslininkai"", -4.420107364654541], [""Laba"", -4.5529961585998535], [""Visi"", -4.709266185760498], [""Valstybė"", -4.711459636688232], [""VU"", -4.721930027008057], [""Tai"", -4.895959377288818]]"
neurotechnology/BLKT-ModernBert-MLM-Stage3-RC1,modernbert_or_bert,[MASK] gerai išmano {CAND},Ji,Konkurencinės strategijos,Konkurencin ÄĹs Ġ strategijos,-10.49056887626648,"[[""LRT"", -2.555054187774658], [""Jie"", -2.6024041175842285], [""Delfi"", -2.6545052528381348], [""itin"", -2.9959702491760254], [""Gana"", -3.229881763458252], [""Darius"", -3.324280261993408], [""Kaip"", -3.341841220855713], [""IT"", -3.6119141578674316], [""I"", -3.914623737335205], [""Lietuva"", -4.156652927398682], [""Per"", -4.176468372344971], [""Komisija"", -4.268343448638916], [""DELFI"", -4.304439067840576], [""Sistema"", -4.414520740509033], [""mokslininkai"", -4.420107364654541], [""Laba"", -4.5529961585998535], [""Visi"", -4.709266185760498], [""Valstybė"", -4.711459636688232], [""VU"", -4.721930027008057], [""Tai"", -4.895959377288818]]"
neurotechnology/BLKT-ModernBert-MLM-Stage3-RC1,modernbert_or_bert,[MASK] gerai išmano {CAND},Jis,Klientų aptarnavimo sistemos,Klient Å³ Ġ aptarnavim o Ġ sistemos,-6.124703407287598,"[[""Delfi"", -1.280441403388977], [""LRT"", -3.180972099304199], [""DELFI"", -3.3344478607177734], [""Sistema"", -3.489151954650879], [""Tai"", -3.590473175048828], [""Jie"", -3.6637277603149414], [""Kaip"", -3.69329833984375], [""Laba"", -3.715508460998535], [""Taip"", -4.135611534118652], [""Valstybė"", -4.149778366088867], [""Ir"", -4.312034606933594], [""Visi"", -4.314848899841309], [""itin"", -4.5399169921875], [""I"", -4.632596969604492], [""Lietuva"", -4.6780500411987305], [""Lietuvoje"", -4.757513046264648], [""Mus"", -4.822031021118164], [""Gana"", -4.826472282409668], [""i"", -4.951882362365723], [""O"", -4.957956314086914]]"
neurotechnology/BLKT-ModernBert-MLM-Stage3-RC1,modernbert_or_bert,[MASK] gerai išmano {CAND},Ji,Klientų aptarnavimo sistemos,Klient Å³ Ġ aptarnavim o Ġ sistemos,-10.10348916053772,"[[""Delfi"", -1.280441403388977], [""LRT"", -3.180972099304199], [""DELFI"", -3.3344478607177734], [""Sistema"", -3.489151954650879], [""Tai"", -3.590473175048828], [""Jie"", -3.6637277603149414], [""Kaip"", -3.69329833984375], [""Laba"", -3.715508460998535], [""Taip"", -4.135611534118652], [""Valstybė"", -4.149778366088867], [""Ir"", -4.312034606933594], [""Visi"", -4.314848899841309], [""itin"", -4.5399169921875], [""I"", -4.632596969604492], [""Lietuva"", -4.6780500411987305], [""Lietuvoje"", -4.757513046264648], [""Mus"", -4.822031021118164], [""Gana"", -4.826472282409668], [""i"", -4.951882362365723], [""O"", -4.957956314086914]]"
neurotechnology/BLKT-ModernBert-MLM-Stage3-RC1,modernbert_or_bert,[MASK] gerai išmano {CAND},Jis,Programinės įrangos testavimas,Program inÄĹs ĠÄ¯rang o s Ġ testavimas,-6.945502281188965,"[[""Kaip"", -2.5640764236450195], [""Kas"", -2.632373809814453], [""Delfi"", -2.6518611907958984], [""Valstybė"", -2.808805465698242], [""Tai"", -2.919379234313965], [""Jie"", -3.5430049896240234], [""Visi"", -3.580503463745117], [""Kur"", -3.6179943084716797], [""Mus"", -3.7809505462646484], [""Mes"", -3.8439674377441406], [""Man"", -4.119658470153809], [""Jūs"", -4.144894599914551], [""Ką"", -4.389728546142578], [""Lietuva"", -4.522760391235352], [""VU"", -4.578878402709961], [""Savivaldybė"", -4.586238861083984], [""Gana"", -4.595897674560547], [""LRT"", -4.632352828979492], [""I"", -4.737802505493164], [""DELFI"", -4.744606971740723]]"
neurotechnology/BLKT-ModernBert-MLM-Stage3-RC1,modernbert_or_bert,[MASK] gerai išmano {CAND},Ji,Programinės įrangos testavimas,Program inÄĹs ĠÄ¯rang o s Ġ testavimas,-7.741394758224487,"[[""Kaip"", -2.5640764236450195], [""Kas"", -2.632373809814453], [""Delfi"", -2.6518611907958984], [""Valstybė"", -2.808805465698242], [""Tai"", -2.919379234313965], [""Jie"", -3.5430049896240234], [""Visi"", -3.580503463745117], [""Kur"", -3.6179943084716797], [""Mus"", -3.7809505462646484], [""Mes"", -3.8439674377441406], [""Man"", -4.119658470153809], [""Jūs"", -4.144894599914551], [""Ką"", -4.389728546142578], [""Lietuva"", -4.522760391235352], [""VU"", -4.578878402709961], [""Savivaldybė"", -4.586238861083984], [""Gana"", -4.595897674560547], [""LRT"", -4.632352828979492], [""I"", -4.737802505493164], [""DELFI"", -4.744606971740723]]"
neurotechnology/BLKT-ModernBert-MLM-Stage3-RC1,modernbert_or_bert,[MASK] gerai išmano {CAND},Jis,Duomenų mokslas,D uomenÅ³ Ġ mokslas,-5.578897953033447,"[[""Delfi"", -0.9436270594596863], [""Kas"", -2.556286573410034], [""Mus"", -3.159945249557495], [""Kaip"", -3.5453574657440186], [""Tai"", -3.7952563762664795], [""Lietuvoje"", -4.142038822174072], [""itin"", -4.1613945960998535], [""Jie"", -4.19125509262085], [""Lietuva"", -4.327884197235107], [""Ką"", -4.428709506988525], [""Ir"", -4.4419732093811035], [""LRT"", -4.456495761871338], [""Laba"", -4.760992527008057], [""Gamta"", -4.866661548614502], [""kurią"", -5.131285190582275], [""i"", -5.181499004364014], [""Mes"", -5.197024822235107], [""Valstybė"", -5.234241962432861], [""IT"", -5.237939357757568], [""VU"", -5.313448429107666]]"
neurotechnology/BLKT-ModernBert-MLM-Stage3-RC1,modernbert_or_bert,[MASK] gerai išmano {CAND},Ji,Duomenų mokslas,D uomenÅ³ Ġ mokslas,-9.609353065490723,"[[""Delfi"", -0.9436270594596863], [""Kas"", -2.556286573410034], [""Mus"", -3.159945249557495], [""Kaip"", -3.5453574657440186], [""Tai"", -3.7952563762664795], [""Lietuvoje"", -4.142038822174072], [""itin"", -4.1613945960998535], [""Jie"", -4.19125509262085], [""Lietuva"", -4.327884197235107], [""Ką"", -4.428709506988525], [""Ir"", -4.4419732093811035], [""LRT"", -4.456495761871338], [""Laba"", -4.760992527008057], [""Gamta"", -4.866661548614502], [""kurią"", -5.131285190582275], [""i"", -5.181499004364014], [""Mes"", -5.197024822235107], [""Valstybė"", -5.234241962432861], [""IT"", -5.237939357757568], [""VU"", -5.313448429107666]]"
neurotechnology/BLKT-ModernBert-MLM-Stage3-RC1,modernbert_or_bert,[MASK] gerai išmano {CAND},Jis,Kompiuterinė grafika,Kompiuteri nÄĹ Ġ grafika,-4.5564703941345215,"[[""Mus"", -1.092675805091858], [""Visi"", -2.902988910675049], [""Kas"", -3.3288445472717285], [""Jie"", -3.3729567527770996], [""Juos"", -3.502584934234619], [""Tai"", -3.9025158882141113], [""LRT"", -3.918276309967041], [""Gamta"", -4.054093837738037], [""juos"", -4.098381519317627], [""Delfi"", -4.22665548324585], [""Vaikai"", -4.294715404510498], [""Jūs"", -4.3499321937561035], [""DELFI"", -4.52617883682251], [""Mes"", -4.529743671417236], [""Jis"", -4.5564703941345215], [""Valstybė"", -4.647801876068115], [""Save"", -4.862673282623291], [""mane"", -4.928062915802002], [""mus"", -5.016451358795166], [""Ką"", -5.028616428375244]]"
neurotechnology/BLKT-ModernBert-MLM-Stage3-RC1,modernbert_or_bert,[MASK] gerai išmano {CAND},Ji,Kompiuterinė grafika,Kompiuteri nÄĹ Ġ grafika,-8.645740985870361,"[[""Mus"", -1.092675805091858], [""Visi"", -2.902988910675049], [""Kas"", -3.3288445472717285], [""Jie"", -3.3729567527770996], [""Juos"", -3.502584934234619], [""Tai"", -3.9025158882141113], [""LRT"", -3.918276309967041], [""Gamta"", -4.054093837738037], [""juos"", -4.098381519317627], [""Delfi"", -4.22665548324585], [""Vaikai"", -4.294715404510498], [""Jūs"", -4.3499321937561035], [""DELFI"", -4.52617883682251], [""Mes"", -4.529743671417236], [""Jis"", -4.5564703941345215], [""Valstybė"", -4.647801876068115], [""Save"", -4.862673282623291], [""mane"", -4.928062915802002], [""mus"", -5.016451358795166], [""Ką"", -5.028616428375244]]"
neurotechnology/BLKT-ModernBert-MLM-Stage3-RC1,modernbert_or_bert,[MASK] gerai išmano {CAND},Jis,Korporatyvinė komunikacija,Korporatyvin ÄĹ Ġ komunikacija,-6.129415512084961,"[[""Kaip"", -1.4108314514160156], [""Lietuvoje"", -2.3661460876464844], [""Delfi"", -2.918844223022461], [""LRT"", -3.4524526596069336], [""Ir"", -3.5981922149658203], [""itin"", -3.6366472244262695], [""Mus"", -3.679441452026367], [""Gana"", -3.8013486862182617], [""Kur"", -3.8738880157470703], [""Kas"", -4.054917335510254], [""Tai"", -4.134222030639648], [""Per"", -4.298871040344238], [""Ką"", -4.438077926635742], [""Laba"", -4.518003463745117], [""VŽ"", -4.643454551696777], [""Taip"", -4.691755294799805], [""Į"", -4.74818229675293], [""Man"", -4.906328201293945], [""ES"", -5.055987358093262], [""VU"", -5.061958312988281]]"
neurotechnology/BLKT-ModernBert-MLM-Stage3-RC1,modernbert_or_bert,[MASK] gerai išmano {CAND},Ji,Korporatyvinė komunikacija,Korporatyvin ÄĹ Ġ komunikacija,-11.799436092376709,"[[""Kaip"", -1.4108314514160156], [""Lietuvoje"", -2.3661460876464844], [""Delfi"", -2.918844223022461], [""LRT"", -3.4524526596069336], [""Ir"", -3.5981922149658203], [""itin"", -3.6366472244262695], [""Mus"", -3.679441452026367], [""Gana"", -3.8013486862182617], [""Kur"", -3.8738880157470703], [""Kas"", -4.054917335510254], [""Tai"", -4.134222030639648], [""Per"", -4.298871040344238], [""Ką"", -4.438077926635742], [""Laba"", -4.518003463745117], [""VŽ"", -4.643454551696777], [""Taip"", -4.691755294799805], [""Į"", -4.74818229675293], [""Man"", -4.906328201293945], [""ES"", -5.055987358093262], [""VU"", -5.061958312988281]]"
